n_layers,fake_perth,fake_lagos,fake_cairo,fake_guadalupe
1,0.4649,0.492,0.4796,0.4544
2,0.4176,0.4501,0.4303,0.3911
3,0.3474,0.4005,0.3867,0.3185
4,0.2851,0.3352,0.3111,0.2493
5,0.2202,0.2659,0.2515,0.18150724
6,0.1619,0.2166,0.1941,0.130875841
7,0.1214,0.1602,0.147,0.094585452
8,0.0939,,0.1143,0.073726388
9,0.0736,,0.09,0.060208538
10,0.0548,,0.0669,0.046091075
11,0.0414,,,0.035564509
12,0.0347,,,0.030766508
13,0.034,,,
14,0.0252,,,
15,0.023,,,