n_layers,fake_perth,fake_lagos,fake_cairo,fake_guadalupe
1,0.8938,0.924259559,0.948,
2,0.7772,0.875151044,0.8884,
3,0.6264,0.768788344,0.7672,
4,0.4778,0.607598436,0.6236,
5,0.2738,0.456109312,0.4642,
6,0.1602,0.293773186,0.3278,
7,0.0936,,0.23,
8,0.0496,,0.1478,
9,0.0266,,0.0888,