n_layers,fake_lagos,fake_cairo
1,0.996475323,0.994945103
2,0.963288316,0.914613205
3,0.881301516,0.815388936
4,0.805543633,0.718920231
5,0.742703064,0.650297811
6,0.643473025,0.57635702
7,0.614473525,0.542543
8,0.553797723,0.503121452
9,0.531242033,0.482009489