n_layers,fake_lagos,fake_cairo,fake_perth
1,0.996475323,0.994945103,0.983791039
2,0.963288316,0.914613205,0.892575402
3,0.881301516,0.815388936,0.742898948
4,0.805543633,0.718920231,0.686337803
5,0.742703064,0.650297811,0.617765183
6,0.643473025,0.57635702,0.562703542
7,0.614473525,0.542543,0.520125748
8,0.553797723,0.503121452,0.481945217
9,0.531242033,0.482009489,0.467790188