n_layers,fake_lagos
1,0.996475323
2,0.963288316
3,0.881301516
4,0.805543633
5,0.742703064
6,0.643473025
7,0.614473525
8,0.553797723
9,0.531242033